_id,train_number,departure,platform,time_exit
648b6662d3331a9134b8ac52,MH 15 4 5 6 7,Nashik,4,
648bec9b7695d47b568d8d21,MH 13 1010,Sangli,5,
648bef36d52f52ce0f3c5116,MH 13 1010,Sangli,5,
648bfd7e190e26eb1841c02f,MH 13 1010,Sangli,5,
648c0c32d015c4fe4cf26ef6,MH 13 1010,Sangli,5,
648c22a16712fa54e038616e,MH 13 1010,Sangli,5,10:00 am
648c235fe77a562ac0fdcd6f,MH 13 1010,Sangli,5,10:00 am
648c3204ed357aed377ae860,MH 13 1010,Sangli,5,10:00 am
648c8b3b011fb60850879c6e,MH 15 4 5 6 7,Mumbai,7,10:00 am
648c8f48f0f7f7029639c6f7,MH 15 4 5 6 7,Mumbai,7,10:00 am
648c922696a0671856aa887b,MH 15 4 5 6 7,Mumbai,7,10:00 am
648cb977bf6f7e821853ed24,MH 15 9 8 7 6,Islampur,6,12:00 am
648d36e4d4bc3d9d0c07a818,MH 15 9 8 7 6,Islampur,6,12:00 am
648d444aa29112d5bd0ef6e7,MH 15 9 8 7 6,Islampur,6,12:00 am
